"noteId","feedback"
1,"The product design is impressive, featuring a sleek interface and intuitive navigation. Core features stand out as excellent. However, I experienced performance issues during peak usage, and while customer support was helpful, response times could be faster. There's also room for more customization options. Despite these areas for improvement, I believe the product has strong potential and look forward to future updates."
2,"The service was okay but needs to be faster."
3,"The product was disappointing and did not meet expectations."
4,"Great quality! Very satisfied with my purchase."
5,"Product quality was fine, but the packaging could be better."
6,"Amazing product! Will definitely recommend to others."
7,"The delivery was quick, but the product was not as described."
8,"Excellent customer service, very helpful staff!"
9,"Product did not match the description, quite disappointed."
10,"Very happy with the purchase, exceeded my expectations."
11,"The item arrived damaged, not satisfied."
12,"Great experience overall, will shop again!"
13,"Product was okay, but a bit overpriced."
14,"The quality could be better for the price."
15,"Fast shipping, but the product is average."
16,"Loved it! Exactly what I was looking for."
17,"Packaging was terrible, but the product is good."
18,"Service was friendly, but a bit slow."
19,"Satisfied with the purchase, would buy again."
20,"The product broke within a week of use."
21,"Fantastic quality and excellent service."
22,"Not worth the money, quite disappointed."
23,"Happy with the service and product quality."
24,"The product exceeded my expectations, amazing!"
25,"Product was defective upon arrival."
26,"Very satisfied with the prompt delivery and quality."
27,"The product is okay, but the design could improve."
28,"Loved the product, great value for money."
29,"Disappointed with the customer support."
30,"The product quality was poor, not recommended."
31,"Received exactly what was advertised, happy with it."
32,"Product was decent but needs improvement."
33,"Fantastic service, product was perfect!"
34,"Disappointed with the slow delivery."
35,"The quality of the product is amazing, thank you!"
36,"Product was not as described, wouldn't recommend."
37,"Good product, but the price is a bit high."
38,"Loved the experience, will shop here again!"
39,"The product met my expectations, quite happy."
40,"It arrived late but was worth the wait."
41,"Great quality and fast delivery!"
42,"Product was okay, but I expected more."
43,"Service was excellent, and product quality is good."
44,"The item did not meet my expectations."
45,"Good product, but packaging could be improved."
46,"Very impressed with the customer service."
47,"Product broke after a few uses, disappointed."
48,"Amazing quality! Very pleased with my purchase."
49,"Not worth the price, expected better quality."
50,"Product is decent, but shipping was delayed."
51,"Excellent product and fast service!"
52,"Satisfied with the quality, but a bit overpriced."
53,"The item was as expected, good buy."
54,"Service was slow, but the product is fine."
55,"Very disappointed, would not buy again."
56,"Great experience, product was top-notch!"
57,"Product arrived on time and works well."
58,"The quality is acceptable but could be better."
59,"Fantastic service, the product is as advertised."
60,"Not satisfied, the product feels cheaply made."
61,"Good quality and quick delivery!"
62,"Packaging was poor, but the product is okay."
63,"Exceeded my expectations, highly recommend!"
64,"The item arrived in perfect condition, happy with it."
65,"Not impressed, expected better service."
66,"Loved the product, will definitely buy again."
67,"Average product, but good service."
68,"Customer support was very helpful."
69,"Product quality is great, happy with it."
70,"Received a faulty product, had to return it."
71,"The item is exactly as described, satisfied."
72,"Slow delivery, but the product is worth it."
73,"Good product, but packaging was damaged."
74,"The service was friendly and efficient."
75,"Quality was not as expected, disappointed."
76,"Product met all my expectations, very happy!"
77,"Amazing service, will recommend to friends."
78,"The product is fine, but delivery was delayed."
79,"Good experience, quality product."
80,"The product did not meet my expectations."
81,"Very satisfied with both product and service."
82,"Item was delivered on time and works great."
83,"Expected better quality for the price."
84,"Service was excellent, very responsive."
85,"Product was okay, but nothing special."
86,"Great product, would purchase again."
87,"Not satisfied with the delivery time."
88,"Fantastic quality, worth every penny!"
89,"Product was not as described, quite disappointed."
90,"Great service and amazing product quality!"
91,"Quality was acceptable, but could improve."
92,"Very happy with the purchase, will recommend!"
93,"The item broke after a few uses, not happy."
94,"Satisfied with the product, delivery was fast."
95,"Product quality is good, but expensive."
96,"Loved the fast service and good quality."
97,"The product is just okay, nothing special."
98,"Excellent product, meets all my needs."
99,"Not impressed, the quality could be better."
100,"Very happy with the product, great purchase!"
